fileList,MA1,MA2,MA3,MA4,MA5,MA6,MA7,MA8,MA9,MA10,MA11,MA12,MA13,MA14,MA15,MA16,MA17,MA18,MA19,MA20,MA21,MA22,MA23,MA24,MA25,MA26,MA27,MA28,MA29,MA30,MA31,MA32,MA33,MA34,MA35,MA36,MA37,MA38,MA39,MA40,MA41,MA42,MA43,MA44,MA45,ML1,ML2,ML3,ML4,ML5,ML6,ML7,ML8,ML9,ML10,ML11,ML12,ML13,ML14,ML15,ML16,ML17,ML18,ML19,ML20,ML21,ML22,MH1,MH2,MH3,MH4,MH5,MH6,MH7,MH8,MH9,MH10,MH11,MH12,MH13,MH14,MH15,MH16,MH17,MH18,MH19,MH20,MH21,MH22,MH23,MH24,MH25,MH26,MH27,FL1,FL2,FL3,FH1,FH2,FH3,FH4,FH5,FH6,FH7,FH8,FH9,FH10,FH11,DL1,DL2,DL3,DL4,DL5,DL6,DL7,DL8,DL9,DL10,DL11,DL12,DL13,DL14,DL15,DL16,DL17,DL18,DL19,DL20,DH1,DH2,DH3,DH4,DH5,DH6,DH7,DH8,DH9,DH10,DH11,DH12,DH13,DH14,DH15,DH16,DH17,DH18,DH19,DH20,DH21,DH22,DH23,DH24,TA1,TA2,TA3,TL1,TL2,TL3,TL4,TH1,TH2,TH3,RA1,RA2,RA3,RA4,RA5,RA6,RA7,RA8,RA9
reach13639.csv,3851.40192492814,2356.9425,93.869146155226,87.6039072967009,1.63406698505718,9.40184167762904,4.85617073925147,3.47328244274809,3.25324344569289,1.86771535580524,1.35910112359551,3583.75541806452,4576.47347893805,8284.61444516129,6263.4802395,6611.67619306451,4266.544964,2612.16944467742,2123.13050080645,1688.8555255,1661.44655564516,1837.7271935,2727.75388209677,44.6623343607532,52.2365763400472,45.566334595971,43.7533806248199,43.4392114780656,41.0625040197806,25.7617968671699,25.9542180980094,25.8223336602058,28.9740166053683,21.8519476339726,30.4684593863508,6.27168445229605,1.42939733578057,2.98616594974702,85.5014653881276,0.470477471169196,0.612977256334118,1.320897898784,0.417464065658778,0.929439534503022,-0.045152389608654,1727.85954,1971.798675,3140.100645,3108.604125,2788.377735,2147.077515,1704.396045,1334.311935,1041.57438,977.080665,1069.027905,1607.823195,69.5885639857983,0.307834769853748,0.209972232390044,0.273270879011361,0.235024527028456,46.9306002374446,20.9972232390044,1.63075761984628,32.2056273360462,349.442892857143,7906.809405,10549.78056,16308.34722,12584.536965,13205.44566,8715.125925,4684.913145,3362.04165,2928.699675,2908.16691,2759.494155,5345.36904,102.585534259916,8.92367543534642,9.10385018726591,3.64044943820225,1.90861423220974,6.55526247021949,24818.5088016051,11182.4668214286,61.1096050728668,27.7789152448328,12.4294241573034,3.8660392331368,6.27774541082906,10.1904026217228,4.98014216922724,3.23809523809524,42.4615641382385,0,4.66666666666667,45.6249126362037,49.8571428571429,8.04761904761905,5,3.85714285714286,1.52380952380952,4.66666666666667,3.33333333333333,2.52380952380952,1.04761904761905,698.885785714286,766.389538095238,794.422155102041,940.266627142857,1389.86736253968,32.2056273360462,28.372249892257,28.0506255970386,29.848626686224,35.3916969083362,0.296522204387373,0.337056230731993,0.398934902800071,0.549513108614232,0.387205992509363,22.6666666666667,64.2346588606073,0,0,0,22364.9336428571,20992.3498714286,18503.2735081633,11477.153432381,7656.64543460317,42.2606090714516,41.7040010025893,40.3730065343559,38.673353150338,41.7607983341539,9.48896022828607,7.85054090550078,4.86950930384638,2.76047866824478,15.5714285714286,54.4431426598846,37.4580120937264,11.821768707483,3.88888888888889,17.878231292517,90.9801587301587,212.166666666667,4.95238095238095,252.571428571429,0.728017896742046,0.798527984982489,0.519230769230769,305.099678362037,50.5586083433196,0.16979580649582,0.010958904109589,86.6882282871649,49.8867623790229,1.0027397260274,577.67025967946,276.693370767948,-279.270593719512,-171.896055317689,0.324572210814511,0.023737846954786,-0.0200291930599594,102.904761904762,22.4622493666138
reach13640.csv,3850.0806880493,2356.5894,93.9174383983196,87.7237153589057,1.63375116940155,9.39868268113135,4.86216936133309,3.47517730496454,3.24797722505244,1.86835480970932,1.35960443512137,3582.46888112903,4575.52104637168,8282.9355116129,6261.43049400001,6609.3747783871,4264.2574645,2610.95922290323,2122.07689596774,1688.1905205,1660.59228145161,1836.8220805,2727.15645967742,44.6750250793209,52.2570275400436,45.618777409855,43.7864019281128,43.4691173709966,41.0601381365329,25.7454219613735,25.9467341503055,25.8186937055211,28.9666585118517,21.8680459048423,30.4758133485699,6.27312821293106,1.42952161213537,2.98859026172337,85.5131790482887,0.470446770769364,0.612767013760071,1.32103881950111,0.41751928317033,0.92947359983346,-0.0451633245419858,1727.64768,1971.410265,3138.864795,3107.580135,2786.45334,2146.689105,1704.431355,1333.76463,1041.380175,976.07433,1067.59785,1606.81686,69.5779260342639,0.307628725958507,0.209877472759404,0.273325358851675,0.235017883209432,46.9594623475619,20.9877472759404,1.6288836696549,32.2712897782011,349.131828571429,7914.98367,10558.21965,16319.36394,12597.30153,13215.93273,8711.01231,4684.68363,3360.31146,2930.818275,2906.030655,2758.45251,5346.07524,102.629062891941,8.94590589107077,9.1111177704525,3.63470182798921,1.90890020976925,6.55538193989721,24817.15017939,11192.5722071429,61.7033817800419,27.4332539085055,12.4680663769853,3.89730146838478,6.24538617277093,10.2016219658376,4.98440490970137,3.19047619047619,45.0068681177426,0,4.66666666666667,45.6249126362037,49.7142857142857,8.09523809523809,4.95238095238095,3.9047619047619,1.52380952380952,4.66666666666667,3.33333333333333,2.57142857142857,1.04761904761905,698.263657142857,765.644104761905,794.071457142857,939.918010952381,1389.12772079365,32.2712897782011,28.4028199750596,28.0557359786219,29.8382478132118,35.3907981418201,0.296302638526193,0.33695791771908,0.398846744771228,0.549295774647887,0.38672460293677,22.6666666666667,62.2934102965554,0,0,0,22385.1444142857,21008.4691666667,18512.0625755102,11474.5511414286,7654.40633222222,42.2040256774806,41.6476346099969,40.3499403958383,38.6754096988606,41.7650843048112,9.49895828873953,7.85544676366201,4.86913466615295,2.760555171571,15.5714285714286,54.3714731927455,37.7754724111867,11.7062358276644,3.93650793650794,17.8663265306122,90.9642857142857,212.166666666667,4.95238095238095,252.571428571429,0.728113701582214,0.798514335089051,0.519230769230769,304.27247488784,53.4484210542581,0.16979580649582,0.010958904109589,90.5780211514637,50.4984222075873,1.0027397260274,577.367710989473,277.232503221083,-279.536734627109,-171.917099224634,0.325119780971937,0.0237978967986692,-0.0200319236833648,103.47619047619,22.7292811204667
reach13641.csv,3841.82849211498,2352.3522,93.9005968533236,87.7861762884523,1.63318592008245,9.38348196975572,4.84899224806202,3.47689362865737,3.24542179525668,1.8632542779946,1.35965175622936,3571.44646596774,4561.88138707965,8262.76040274193,6250.56325299999,6596.30324419355,4253.6903585,2606.35582403226,2118.73782290323,1686.551548,1658.50215725806,1833.5076485,2722.19483516129,44.6809328192187,52.266124340325,45.6596872010367,43.8118043840936,43.4936897334349,41.0408199095255,25.7221742331018,25.9189475507371,25.8052963145115,28.9391880395246,21.852427604037,30.4285219032057,6.27398954973243,1.42661734122504,2.99013343024604,85.4832790542947,0.470253339333476,0.61338157617191,1.32020273117539,0.417627606299083,0.929001902308083,-0.0453207486029156,1723.30455,1964.842605,3130.37274,3102.213015,2780.644845,2144.05851,1702.277445,1332.369885,1040.62101,975.05034,1066.626825,1605.26322,69.4769598630715,0.307862853196383,0.21011470557434,0.273362619808307,0.2353224607641,46.9134215606514,21.011470557434,1.62369325579434,32.2884633899385,348.854392857143,7896.922605,10528.117875,16294.61163,12588.40341,13203.1152,8677.99746,4677.780525,3354.856065,2930.429865,2901.758145,2753.08539,5334.829005,102.559343460575,8.98847155076236,9.11029720804563,3.63254277994596,1.90858601020714,6.54681140940029,24914.4786992987,11160.8688714286,62.2762039488248,27.3960577282146,12.4649129390573,3.92536290554904,6.24643958087735,10.2006717202041,4.98451467047341,3.19047619047619,45.0068681177426,0,4.66666666666667,45.6249126362037,49.6190476190476,8.09523809523809,4.90476190476191,3.9047619047619,1.52380952380952,4.66666666666667,3.28571428571429,2.57142857142857,1.0952380952381,697.708785714286,764.965928571428,793.514183673469,939.120453333334,1386.69039666667,32.2884633899385,28.3859948935549,28.0339426060247,29.818798732568,35.3697226045662,0.296600477477091,0.337327966311112,0.399226124954135,0.548934253977784,0.387120984689283,22.6666666666667,62.3134656924177,0,0,0,22321.7377428571,20961.9216190476,18472.0734,11444.3655752381,7636.39729809524,42.0795284673351,41.5921892745098,40.3324897501928,38.680777337318,41.7677131004958,9.48911380823719,7.85259681777244,4.86507317026681,2.75776145226872,15.7142857142857,54.2335581735128,37.9441232048375,11.6808390022676,3.93650793650794,17.8700113378685,93.7539682539683,208.238095238095,5,251.190476190476,0.728594232162811,0.798789386225749,0.514285714285714,296.308294944145,51.3781032932659,0.169819078947368,0.0136986301369863,88.8600790437029,49.1811537886964,1.0027397260274,577.578412563239,276.801477888724,-279.340065426829,-171.639458276397,0.324709103353867,0.0237843216629183,-0.0199975648123256,103.285714285714,22.7393211460072
reach13659.csv,3873.11832414785,2365.77,93.1687772421755,88.4582279073815,1.63714914135687,9.56243740852015,4.92070348657822,3.49007882576787,3.31788059701493,1.89656716417911,1.36731343283582,3615.20011209677,4601.95292495575,8334.66523112904,6296.640449,6652.76393419355,4303.4480335,2624.68342258065,2129.70556451613,1690.149637,1666.20998854839,1846.737717,2736.19183306452,44.3801267030213,51.8138308017253,44.5405978666539,43.1985440203403,43.048758701264,41.2281278751384,25.9344071734699,26.1017972490988,25.8784888120571,29.3401833752287,21.9542239430496,30.4334184133523,6.25314819258616,1.4445903674761,2.94714495413638,85.5156795324539,0.471209214174827,0.611432640877423,1.32415414195618,0.417773856830998,0.931744780499754,-0.044447279787294,1737.093105,1985.34006,3171.93261,3129.648885,2811.929505,2148.47226,1704.27246,1333.79994,1036.31319,972.455055,1071.79974,1614.390855,70.4227766171975,0.305513051759721,0.208145437880298,0.27155343663091,0.233906440638173,47.0160627042266,20.8145437880298,1.64731403170421,32.3281017611821,347.778278571429,7805.399085,10367.987025,16043.151465,12420.46905,13069.25499,8748.08781,4667.929035,3377.89584,2855.431425,2922.36153,2775.29538,5308.61133,101.674921812248,8.33425363519234,8.94710447761193,3.70537313432836,1.91641791044776,6.55066275522796,24870.7842421519,10959.5934642857,61.3593882074774,27.5696578085184,12.7890890375708,3.80285503177184,6.09146341463415,10.2379825012867,4.92789659947684,3.38095238095238,42.3238850741316,0,4.61904761904762,45.1412209974263,50.6666666666667,7.52380952380952,5,3.9047619047619,1.38095238095238,4.61904761904762,3.47619047619048,2.52380952380952,1.04761904761905,695.556557142857,766.994852380952,794.652751020408,940.227954285714,1395.14966380952,32.3281017611821,28.242851387953,27.9998877427692,29.9268958193398,35.4624699496515,0.294008528784648,0.335896030053813,0.39742999289268,0.54910447761194,0.387492537313433,22.3333333333333,66.1452167886041,0,0,0,21919.1869285714,20638.6445571429,18286.8832591837,11542.4292919048,7703.92272222222,43.3769950339354,42.6970601863383,40.9394584029777,38.6494700696692,41.7324966047927,9.26513859275053,7.72978068839476,4.87893129590145,2.76708471636808,16.1666666666667,57.2107613208929,37.4524565381708,11.9496031746032,3.8015873015873,18.1306689342404,85.5126984126984,212.166666666667,5.09523809523809,252.571428571429,0.727644891797624,0.798144973891611,0.514018691588785,308.709426147687,51.9926683564939,0.169819078947368,0.0136986301369863,90.6065578889722,53.4121580194897,1.0027397260274,561.625166666666,270.942727328814,-275.689915144083,-171.962849825688,0.327720739219713,0.0231768714529754,-0.0199496274847371,105.52380952381,22.9492999340308
reach13662.csv,3873.08632521561,2365.77,93.2185047247423,88.4511834899866,1.63713561555671,9.54857098836761,4.91514964517124,3.48830886351278,3.31250746268657,1.89388059701493,1.36597014925373,3614.9415517742,4602.29727557522,8334.86740935485,6296.509802,6652.53498870968,4302.9854725,2624.52680564516,2129.86901564516,1690.3397225,1666.15873209677,1846.531742,2736.42020903226,44.4011359313894,51.8465425512774,44.6011986335179,43.2346628554021,43.0707151186982,41.2199350535791,25.9244689497335,26.0967143399258,25.8786131499806,29.3353673087061,21.9546282682134,30.4456048203703,6.25376080034414,1.44390821914294,2.94866546517872,85.5228066933936,0.471089637144071,0.611427362434171,1.32407544600838,0.41776928894373,0.931727960698252,-0.0444620102800647,1737.022485,1985.251785,3171.68544,3129.225165,2811.13503,2148.82536,1704.537285,1334.0118,1036.542705,972.54333,1071.55257,1614.178995,70.3957816138487,0.305476737469508,0.208142558601254,0.271300893743793,0.233942981796484,47.023363997229,20.8142558601254,1.64756995597636,32.36340036736,347.769871428571,7812.461085,10385.465475,16066.244205,12433.162995,13081.61349,8749.21773,4668.388065,3377.878185,2859.96876,2921.955465,2774.959935,5313.27225,101.749535370663,8.36738450211669,8.95316417910447,3.7,1.91492537313433,6.55290822556761,24845.2884092836,10977.82015,61.3569188709916,27.5730979250091,12.8541945445188,3.80699128121768,6.09914452129596,10.2557385486361,4.93302046468687,3.42857142857143,43.8193894171164,0,4.61904761904762,45.1412209974263,50.5714285714286,7.52380952380952,5,3.9047619047619,1.38095238095238,4.61904761904762,3.47619047619048,2.52380952380952,1.04761904761905,695.539742857143,767.067714285714,794.765646938775,940.366952380953,1395.20309587302,32.36340036736,28.2534319231035,28.0089953096823,29.9276549116294,35.4625751315387,0.294001421464108,0.335943750634582,0.397488746742478,0.548955223880597,0.387492537313433,22.3333333333333,66.6995671379736,0,0,0,21955.6403,20667.4698476191,18307.4975734694,11543.3551985714,7704.01576126984,43.3253253943888,42.6455577967598,40.9052383424592,38.651297294874,41.735544679862,9.28054726368159,7.73849426337699,4.87932267235252,2.7670812670681,16.1666666666667,57.2107613208929,37.4524565381708,11.9281746031746,3.8015873015873,18.1306689342404,85.4968253968254,212.166666666667,5.09523809523809,252.571428571429,0.727975929796103,0.798513390792728,0.514018691588785,311.908790866681,54.3064705559617,0.169819078947368,0.0136986301369863,91.6944402298933,51.4180648698012,1.0027397260274,563.388483389122,271.120298828271,-276.035672476502,-171.999358501601,0.327173169062286,0.023163862733397,-0.0199563019323836,104.857142857143,23.0275057320418
reach13663.csv,3871.61567942506,2365.4169,93.4709293496214,88.4655671162357,1.63675827268549,9.49318339366864,4.89945719220331,3.48600163087796,3.29204358859531,1.88738617704135,1.36527839976116,3612.81497854838,4603.25970743362,8332.50961258064,6292.5333075,6647.86267838709,4297.2534825,2623.74656854839,2130.32861516129,1691.139494,1666.01578354839,1845.6554655,2737.30523709677,44.5166131096928,51.9879828552282,44.920119124651,43.43132189984,43.1933886580065,41.1665489613767,25.8799527735016,26.0699781674594,25.8924609599429,29.3183138978455,21.9631425050502,30.5016924526419,6.25500567414213,1.44029372170749,2.95938546338827,85.5380972573821,0.470458797903258,0.611574947787032,1.3233431013994,0.417525847081606,0.931251137335629,-0.044627323083944,1736.5458,1984.56324,3168.47223,3126.02961,2805.609015,2149.831695,1705.949685,1334.912205,1037.37249,972.7905,1070.404995,1613.013765,70.2230543725402,0.305392302065467,0.20818236293663,0.271102284011917,0.234151010174965,47.0258338093584,20.818236293663,1.64480302344007,32.4526176395893,347.727835714286,7866.18525,10463.48292,16181.23122,12519.213465,13144.059225,8742.632415,4675.132275,3377.18964,2884.279695,2920.56072,2773.476915,5334.264045,102.066008198482,8.53487944045647,8.98569935811315,3.67965367965368,1.91446484549933,6.55053897662532,24872.1478292313,11073.5018428571,60.7204177386732,27.5692240196025,12.316715542522,3.81972872743664,6.14176123848117,10.1315555041918,4.96296569883488,3.38095238095238,45.3184198176295,0,4.61904761904762,45.1412209974263,50.3333333333333,7.61904761904762,5.04761904761905,3.9047619047619,1.47619047619048,4.61904761904762,3.47619047619048,2.38095238095238,1.04761904761905,695.455671428571,767.297509523809,795.217230612245,940.993004285714,1395.20122761905,32.4526176395893,28.2986995613951,28.0284025734914,29.9226264300299,35.4551547341615,0.294009766916171,0.336184809794943,0.397812751014721,0.54918644573817,0.387610091058367,22.3333333333333,65.2001351687466,0,0,0,22147.0036857143,20815.071252381,18406.8387755102,11542.4808557143,7700.87653412698,42.9228342836562,42.3195659413305,40.7034587209807,38.6497107612109,41.741796594345,9.3628331165277,7.7816467682759,4.8796814023415,2.7669825645685,16.1666666666667,57.162612873497,37.299395313681,11.8797619047619,3.65873015873016,18.1386054421769,87.740589569161,212.166666666667,5,252.571428571429,0.728215161635757,0.798744652450476,0.523809523809524,304.634139681674,53.6992414841922,0.169819078947368,0.0136986301369863,87.1412573356304,53.9833975571386,1.0027397260274,570.242293126571,272.235196698642,-278.687599305839,-172.169912226893,0.32662559890486,0.023449404616962,-0.0199424584801939,104.809523809524,23.1450662785069
reach13664.csv,3872.98240119098,2365.4169,93.3848837445752,88.4834131099838,1.63733606587108,9.52083814806256,4.90226305728557,3.48505434782609,3.30225406777131,1.88932676518883,1.36512912374981,3614.00697580645,4603.56843557522,8335.66074532259,6296.048418,6651.52068048387,4300.823912,2624.35481177419,2130.4601733871,1690.9447005,1666.16328822581,1846.051526,2737.18677774194,44.4711854159224,51.9404914091307,44.8003777692122,43.3639090784522,43.1517371461515,41.1958028697221,25.8950794636053,26.0810301127309,25.8865664213924,29.3218070830238,21.9558564536663,30.4791245027593,6.25555036829547,1.44166096887882,2.95551319293149,85.544396696146,0.470826726171998,0.611410503089866,1.32389426111977,0.417732637855971,0.931684849313415,-0.044472386571531,1736.8989,1984.863375,3170.1318,3127.86573,2808.363195,2149.478595,1705.68486,1334.718,1037.107665,972.75519,1071.217125,1613.649345,70.2889925812544,0.305520052651323,0.208205212685492,0.271300893743793,0.234071348021069,47.0291370904889,20.8205212685492,1.64519100129254,32.407698603079,347.86235,7846.076205,10437.88317,16146.02715,12489.07638,13120.472145,8750.294685,4672.32513,3378.266595,2875.01082,2921.143335,2774.34201,5326.65474,101.970414036987,8.47229891404381,8.97313031795789,3.68980444842514,1.91446484549933,6.55329431542825,24840.8866827887,11041.6808071429,61.3630333476696,27.5950178220994,12.2288353100366,3.82164472604896,6.12759822179503,10.1038190582128,4.95316272778057,3.38095238095238,42.3238850741316,0,4.61904761904762,45.1412209974263,50.4761904761905,7.61904761904762,5,3.9047619047619,1.47619047619048,4.61904761904762,3.47619047619048,2.57142857142857,1.04761904761905,695.7247,767.375976190476,795.164385714286,940.85849,1395.36768904762,32.407698603079,28.2728884333494,28.0142797985752,29.9249603109168,35.4594389248293,0.294123501020053,0.336162469167395,0.397755883962781,0.549335721749515,0.387550380653829,22.3333333333333,66.2012670907935,0,0,0,22083.3616142857,20766.3770809524,18376.0806428571,11546.5045142857,7704.18110174603,43.0976705423858,42.4756557922411,40.7964438483186,38.6565454359285,41.7442041125591,9.33592789257814,7.76864350755976,4.88138243803268,2.76691312516559,16.1666666666667,57.162612873497,37.4524565381708,11.9083333333333,3.65873015873016,18.1386054421769,85.5047619047619,212.166666666667,5,252.571428571429,0.728071510437334,0.798666731262411,0.523809523809524,297.173413385537,57.5663832003518,0.169819078947368,0.0136986301369863,90.7183012789593,49.632764717509,1.0027397260274,568.194011069182,271.744514581674,-277.63192329998,-172.067891339108,0.326488706365503,0.023458441537846,-0.0199420889577673,104.380952380952,23.0454838182652
reach13665.csv,3872.68919043121,2365.4169,93.2252930804845,88.4332046279252,1.63721210854256,9.54009706494107,4.91514964517124,3.4887831407206,3.30971786833856,1.89416330795641,1.3662486938349,3614.47568758065,4601.95542477876,8334.02110838711,6295.8806955,6651.92788451613,4302.435225,2624.42770983871,2129.73404032258,1690.270868,1665.95085870968,1846.071535,2736.06710903226,44.4030964759403,51.8474194856963,44.6115359441382,43.238829051961,43.0738584462291,41.2151722646459,25.9216476138176,26.0930096371775,25.8750820930035,29.3281628848927,21.9516505468977,30.4433418172236,6.25364474344119,1.44365263837263,2.94870984049847,85.5240174000363,0.47099302781048,0.611364155388953,1.32410789645912,0.417794582277406,0.931753728462291,-0.0444513021600024,1736.93421,1985.110545,3171.33234,3128.766135,2810.71131,2148.86067,1704.607905,1334.0118,1036.56036,972.525675,1071.428985,1613.87886,70.381393920984,0.305495616584344,0.208166278875101,0.271354787445372,0.233973587944044,47.0271736419168,20.8166278875101,1.64757540272004,32.3642126218302,347.769871428571,7812.61998,10387.054425,16069.598655,12434.31057,13082.60217,8747.45223,4668.388065,3377.43681,2860.49841,2921.09037,2774.253735,5313.042735,101.765177484015,8.37290631327075,8.95459023734884,3.69726824899239,1.91521122555605,6.55391653478172,24833.8521353215,10980.0396357143,61.3605089572997,27.5761871994,12.8684981289024,3.80778718265915,6.10072853975293,10.2594314128202,4.93411079973469,3.42857142857143,43.8193894171164,0,4.61904761904762,45.1412209974263,50.5714285714286,7.52380952380952,5,3.9047619047619,1.38095238095238,4.61904761904762,3.52380952380952,2.52380952380952,1.04761904761905,695.539742857143,767.078923809524,794.775255102041,940.361347619048,1395.03981047619,32.3642126218302,28.256345694446,28.0093388741809,29.9245275451557,35.4607992436054,0.294045308823634,0.335997960909995,0.397545712816649,0.548962531721152,0.387550380653829,22.3333333333333,66.6966460436291,0,0,0,21960.0792714286,20670.7878666667,18309.6401938775,11542.2779633333,7703.25500825397,43.3155775707118,42.6361736365944,40.8987674652797,38.6530325969436,41.7365960360234,9.28380923947426,7.74055524583322,4.87959562787149,2.76724565828387,16.1666666666667,57.2107613208929,37.4524565381708,11.9281746031746,3.8015873015873,18.1306689342404,85.146485260771,212.166666666667,5.09523809523809,252.571428571429,0.728023701440727,0.798624933948782,0.514018691588785,308.097907448672,57.0449591204847,0.169819078947368,0.0136986301369863,86.7302322530404,49.2913387687283,1.0027397260274,563.71313871913,271.146399563192,-275.96640122549,-172.054267478295,0.327036276522929,0.0231866485759156,-0.0199472773265732,105,22.9975844142138
reach13669.csv,3872.93710965092,2365.4169,93.2760877228436,88.4133751040901,1.63731691848947,9.53547492489023,4.91301665638495,3.48783471523719,3.30792655620242,1.89371547992238,1.36609941782356,3614.47625709678,4602.64287610619,8334.78482951615,6296.2090785,6652.01046435484,4302.2992815,2624.43226596774,2130.08486225806,1690.527454,1666.10007193548,1846.146863,2736.50278887097,44.4249854870342,51.8791867861229,44.671510836543,43.2784602003345,43.0992224679078,41.2101801060598,25.9111847596396,26.0903222359831,25.8793412089265,29.3269233204545,21.9510257785277,30.4529739288847,6.2541458437808,1.44299339953525,2.95075890309607,85.5302779082492,0.470935429428657,0.611403140783551,1.32404759417949,0.417778669085868,0.93175920158389,-0.0444461611906935,1736.96952,1985.16351,3170.855655,3128.50131,2810.058075,2149.019565,1705.01397,1334.29428,1036.73691,972.631605,1071.464295,1613.861205,70.3476901331823,0.305535639588599,0.208192310800185,0.271300893743793,0.234002884835028,47.0266938487311,20.8192310800185,1.6443129320701,32.369537917042,347.828721428571,7822.36554,10404.532875,16094.15676,12451.983225,13095.013635,8749.306005,4669.058955,3378.054735,2865.12402,2921.23161,2774.324355,5317.491795,101.829464844,8.40419657647709,8.96065084340945,3.69547693685625,1.91521122555605,6.55440099020577,24828.3544366373,10999.1322571429,61.3651675512378,27.5848524898147,12.1005542473841,3.81222112359019,6.10933921699271,10.0666445160327,4.94022034370417,3.38095238095238,42.3238850741316,0,4.61904761904762,45.1412209974263,50.5714285714286,7.61904761904762,5,3.9047619047619,1.47619047619048,4.61904761904762,3.47619047619048,2.52380952380952,1.04761904761905,695.657442857143,767.202228571429,794.921779591837,940.561437619048,1395.21636047619,32.369537917042,28.2574871373697,28.0094295311335,29.9255840912701,35.4607650343033,0.294095067494082,0.336059905377287,0.397630302556411,0.549111807732497,0.387550380653829,22.3333333333333,66.2012670907935,0,0,0,21998.2645142857,20701.1768857143,18332.1136877551,11544.0238466667,7703.84238730159,43.2513539105631,42.5853806442904,40.863084483291,38.653636595249,41.7389621424741,9.299952373844,7.75005610543964,4.88033371481647,2.76704925856416,16.1666666666667,57.2107613208929,37.4524565381708,11.9281746031746,3.65873015873016,18.1306689342404,85.5047619047619,212.166666666667,5.04761904761905,252.571428571429,0.728023701440727,0.798624933948782,0.518867924528302,312.310074467577,55.664358496313,0.169819078947368,0.0136986301369863,89.0407669327925,48.8970842030017,1.0027397260274,565.848597987421,271.173317471606,-276.546102573529,-172.022192775778,0.326488706365503,0.0234043857050326,-0.019957096788521,104.666666666667,23.1129901309111
reach13670.csv,3873.06699051335,2365.4169,93.3364484327053,88.4175402883287,1.63737182672253,9.52700100146368,4.90994325191216,3.48552792498981,3.30464248395283,1.89246156142708,1.36520376175549,3614.28945580645,4603.23158442478,8335.55994096775,6296.322659,6651.96034693548,4301.621918,2624.46188080645,2130.36848129032,1690.780509,1666.15189790322,1846.1262655,2736.91397951613,44.450290651964,51.9123128915224,44.7424467740392,43.3252808153005,43.1268554958836,41.2008039890818,25.9029662709251,26.0834572122021,25.8820428967877,29.3235687222677,21.9527994002811,30.4663265442222,6.25501176887613,1.44230937960374,2.95338069187962,85.5388311754993,0.470893135536753,0.611423602165164,1.32395369254382,0.417749087877682,0.931736651346738,-0.0444637203152776,1736.987175,1984.933995,3170.537865,3128.25414,2809.19298,2149.372665,1705.40238,1334.559105,1037.001735,972.737535,1071.41133,1613.80824,70.3141954207159,0.305550015827666,0.208208871315764,0.271300893743793,0.234040996612026,47.0263860452834,20.8208871315764,1.64464509076191,32.3830283845593,347.879164285714,7835.6421,10423.22952,16124.187915,12473.01033,13109.526045,8750.259375,4671.106935,3378.35487,2870.650035,2921.12568,2774.34201,5322.45285,101.911954436505,8.44284925455549,8.96820420958351,3.69219286460666,1.91446484549933,6.55408553942053,24831.9219434634,11023.7735928571,61.3665790224343,27.5922616772071,12.1737958000472,3.81767782689599,6.1197521290036,10.0880246931415,4.94760719787382,3.38095238095238,42.3238850741316,0,4.61904761904762,45.1412209974263,50.5714285714286,7.61904761904762,5,3.9047619047619,1.47619047619048,4.61904761904762,3.47619047619048,2.52380952380952,1.04761904761905,695.758328571429,767.325533333333,795.080314285714,940.754241428572,1395.34302809524,32.3830283845593,28.2631573452197,28.012126679903,29.9253031390941,35.4600831674433,0.294137717783038,0.336126927259932,0.397711811997526,0.549261083743842,0.387550380653829,22.3333333333333,66.2012670907935,0,0,0,22047.5471857143,20738.683952381,18357.407177551,11545.8179309524,7704.26834920635,43.1718457952705,42.5324175896906,40.8294707301052,38.6561647805515,41.7419463885405,9.32078703999886,7.76074914217068,4.88109217912174,2.7670170929689,16.1666666666667,57.162612873497,37.4524565381708,11.9281746031746,3.65873015873016,18.1386054421769,85.5047619047619,212.166666666667,5.04761904761905,252.571428571429,0.728023701440727,0.798624933948782,0.518867924528302,305.041946599779,57.3791701537472,0.169819078947368,0.0136986301369863,92.4314232830704,48.3775354429938,1.0027397260274,566.891690821459,271.57472478441,-277.056836729277,-172.092452884993,0.32662559890486,0.0234674262333854,-0.0199419462927275,104.714285714286,23.0882826424634
reach13671.csv,3873.03378316222,2365.4169,93.3446783524483,88.4497871078713,1.63735778803399,9.52700100146368,4.90994325191216,3.48552792498981,3.30464248395283,1.89246156142708,1.36520376175549,3614.2120016129,4603.26408212389,8335.51210161292,6296.27911,6651.85099983871,4301.4424255,2624.4373916129,2130.38271919355,1690.809934,1666.15189790322,1846.0933095,2736.95726274194,44.4539324160528,51.9165575798814,44.7524197830412,43.3319466801493,43.1312348336204,41.199457008728,25.9016584259343,26.0827415723279,25.8827989876311,29.3230016348577,21.9529217285648,30.4686416935906,6.25508470546533,1.44215712523797,2.95378834101044,85.5398914972774,0.470877461124362,0.611418551284924,1.32395775777767,0.41773749716757,0.931731627139888,-0.0444609660374432,1736.96952,1984.91634,3170.52021,3128.236485,2809.01643,2149.443285,1705.455345,1334.57676,1037.01939,972.71988,1071.41133,1613.790585,70.3103609813356,0.305550477488917,0.208210224698207,0.271300893743793,0.234050485383621,47.0240312980097,20.8210224698207,1.64474239518126,32.3830283845593,347.879164285714,7837.4076,10425.683565,16127.87781,12475.817475,13111.45044,8750.082825,4671.283485,3378.195975,2871.532785,2921.143335,2774.34201,5323.317945,101.922342118532,8.44837106570955,8.96829377519032,3.69219286460666,1.91446484549933,6.55399478723535,24832.9494348243,11026.7076857143,61.36541585193,27.5923344947736,12.1832338962484,3.81833552813409,6.1210810495924,10.0907694456082,4.94856133320406,3.38095238095238,42.3238850741316,0,4.61904761904762,45.1412209974263,50.5714285714286,7.61904761904762,5,3.9047619047619,1.47619047619048,4.61904761904762,3.47619047619048,2.52380952380952,1.04761904761905,695.758328571429,767.342347619047,795.104334693878,940.777220952381,1395.34172031746,32.3830283845593,28.2617726940832,28.0094705963575,29.9241660573622,35.4599447739834,0.294137717783038,0.336137082090636,0.397721526785566,0.549261083743842,0.387550380653829,22.3333333333333,66.2012670907935,0,0,0,22053.4153714286,20743.3807428571,18360.637922449,11545.87566,7704.22780809524,43.1577882419367,42.5215764350702,40.8231006915713,38.6562957799425,41.7423989526828,9.32326786513979,7.76211496690033,4.88111658456486,2.76695830886926,16.1666666666667,57.162612873497,37.4524565381708,11.9281746031746,3.65873015873016,18.1386054421769,85.5047619047619,212.166666666667,5.04761904761905,252.571428571429,0.728023701440727,0.798624933948782,0.518867924528302,307.887230361022,58.4623339682589,0.169819078947368,0.0136986301369863,87.315293908995,49.5148349119736,1.0027397260274,567.071792539816,271.612928318997,-277.257783700981,-172.043572138907,0.32662559890486,0.0234674262333854,-0.0199542835670496,104.666666666667,23.1090404301963
reach13683.csv,3795.43361728953,2322.3387,94.2309598496734,88.3615148127263,1.63431527765073,9.38866333541537,4.8099060419389,3.4889164257194,3.26720389235214,1.86191272616695,1.37425878059906,3499.97390032258,4464.22392637168,8143.46898483871,6189.840646,6532.06581145161,4202.5838415,2573.18207903226,2111.39220387097,1681.960071,1651.73459709678,1822.0507305,2690.59352419355,45.2749655106987,53.3079981419259,46.4080327860931,44.4145009855543,43.8202911263056,41.5978152331966,25.7470388211798,26.0397239902363,25.8221238490971,28.8817414756922,21.8535599996577,30.4110629422005,6.21243481341927,1.39220092271081,2.98325742007083,85.2623553929064,0.457215943519268,0.617606852625334,1.31069982418438,0.413248194512305,0.926265022572907,-0.0480568430659088,1689.72474,1900.17234,3035.688975,3046.58211,2739.367455,2103.646215,1689.389295,1328.7153,1038.36117,972.57864,1060.85364,1568.8233,67.9931223837989,0.310337025748654,0.211601561249001,0.282,0.237030741883614,46.2329372993931,21.1601561249001,1.63975202402597,32.537180576431,348.165007142857,7915.742835,10501.65303,16214.56386,12605.49345,13202.23245,8645.988945,4647.53751,3356.25081,2950.53891,2897.450325,2747.700615,5312.654325,102.192127500694,9.25996204933586,9.13100197658506,3.65668237798388,1.92641021742436,6.54610026688323,24922.5396213389,11114.7388785714,62.224925244539,26.0573419387311,12.7185932035883,4.02499988481439,6.18166057612823,10.2876501444428,4.93953975082507,3.0952380952381,43.2304954822978,0,4.85714285714286,46.6248370777416,49.2857142857143,8.38095238095238,4.90476190476191,4.14285714285714,1.52380952380952,4.85714285714286,3.23809523809524,2.71428571428571,1.0952380952381,696.330014285714,763.811347619048,792.16663877551,937.228285714286,1378.69707206349,32.537180576431,28.5844822571461,28.2663845461079,30.0329126451056,35.5989549605268,0.299839990732495,0.341107280680252,0.403570885553552,0.5521514368253,0.389478485631747,22.6666666666667,62.6818356495533,0,0,0,22229.4777571429,20838.9307238095,18311.8981122449,11286.7781661905,7534.80725206349,41.6879119409402,41.2501893310017,40.2006936455662,38.7624973531979,41.7489326770107,9.57202227097316,7.88511086356391,4.86009132353971,2.76342091734919,15.3333333333333,55.5485096511446,39.317649281935,10.8805555555556,4.10714285714286,17.272335600907,94.4277777777778,208.190476190476,5.09523809523809,251.190476190476,0.727104626667414,0.797567505792778,0.504672897196262,295.88637284163,51.6089025633161,0.16979580649582,0.010958904109589,86.0063314570519,46.4177691705585,1.0027397260274,589.449868387643,274.053534414669,-283.232440137846,-170.928243615197,0.323477070499658,0.0247460588262358,-0.0204043960951417,104.142857142857,22.1023371224589
